Feature,Estimator,Accuracy,Accuracy_best
abdominal_adiposity,svc,0.6688714153561517,"{'C': 10, 'shrinking': True, 'degree': 1, 'gamma': 0.0, 'probability': True}"
abdominal_adiposity : age,logistic,0.6730342275670675,"{'penalty': 'l1', 'solver': 'liblinear'}"
abdominal_adiposity : alcohol_use,svc,0.664477335800185,"{'C': 100, 'shrinking': True, 'degree': 1, 'gamma': 0.0, 'probability': True}"
abdominal_adiposity : alcohol_use : age,logistic,0.6773820536540242,"{'penalty': 'l1', 'solver': 'liblinear'}"
abdominal_adiposity : family_history,logistic,0.6775208140610547,"{'penalty': 'l1', 'solver': 'liblinear'}"
abdominal_adiposity : family_history : age,svc,0.7078168362627197,"{'C': 1000, 'shrinking': True, 'degree': 1, 'gamma': 0.001, 'probability': True}"
abdominal_adiposity : family_history : alcohol_use,logistic,0.6753931544865865,"{'penalty': 'l1', 'solver': 'liblinear'}"
abdominal_adiposity : family_history : alcohol_use : age,logistic,0.701295097132285,"{'penalty': 'l1', 'solver': 'liblinear'}"
abdominal_adiposity : family_history : overall_obesity,svc,0.6906567992599444,"{'C': 10, 'shrinking': True, 'degree': 1, 'gamma': 0.0, 'probability': True}"
abdominal_adiposity : family_history : overall_obesity : age,logistic,0.7099907493061981,"{'penalty': 'l1', 'solver': 'lbfgs'}"
abdominal_adiposity : family_history : overall_obesity : alcohol_use,logistic,0.6862164662349676,"{'penalty': 'l1', 'solver': 'liblinear'}"
abdominal_adiposity : family_history : overall_obesity : alcohol_use : age,logistic,0.7035152636447733,"{'penalty': 'l1', 'solver': 'liblinear'}"
abdominal_adiposity : family_history : type_a,logistic,0.6861239592969473,"{'penalty': 'l1', 'solver': 'liblinear'}"
abdominal_adiposity : family_history : type_a : age,svc,0.7229879740980574,"{'C': 1000, 'shrinking': True, 'degree': 1, 'gamma': 0.001, 'probability': True}"
abdominal_adiposity : family_history : type_a : alcohol_use,logistic,0.6796022201665125,"{'penalty': 'l1', 'solver': 'lbfgs'}"
abdominal_adiposity : family_history : type_a : alcohol_use : age,svc,0.7013413506012951,"{'C': 1000, 'shrinking': True, 'degree': 1, 'gamma': 0.001, 'probability': True}"
abdominal_adiposity : family_history : type_a : overall_obesity,logistic,0.7164199814986125,"{'penalty': 'l2', 'solver': 'liblinear'}"
abdominal_adiposity : family_history : type_a : overall_obesity : age,logistic,0.7162812210915818,"{'penalty': 'l2', 'solver': 'liblinear'}"
abdominal_adiposity : family_history : type_a : overall_obesity : alcohol_use,logistic,0.7185476410730806,"{'penalty': 'l1', 'solver': 'liblinear'}"
abdominal_adiposity : family_history : type_a : overall_obesity : alcohol_use : age,logistic,0.7098519888991673,"{'penalty': 'l1', 'solver': 'lbfgs'}"
abdominal_adiposity : overall_obesity,logistic,0.6643385753931546,"{'penalty': 'l1', 'solver': 'liblinear'}"
abdominal_adiposity : overall_obesity : age,logistic,0.6686401480111007,"{'penalty': 'l1', 'solver': 'liblinear'}"
abdominal_adiposity : overall_obesity : alcohol_use,logistic,0.6599444958371878,"{'penalty': 'l1', 'solver': 'liblinear'}"
abdominal_adiposity : overall_obesity : alcohol_use : age,logistic,0.6795097132284921,"{'penalty': 'l1', 'solver': 'liblinear'}"
abdominal_adiposity : type_a,svc,0.6817761332099908,"{'C': 1, 'shrinking': True, 'degree': 1, 'gamma': 0.0, 'probability': True}"
abdominal_adiposity : type_a : age,logistic,0.6946808510638298,"{'penalty': 'l1', 'solver': 'liblinear'}"
abdominal_adiposity : type_a : alcohol_use,svc,0.6688714153561517,"{'C': 1, 'shrinking': True, 'degree': 1, 'gamma': 0.0, 'probability': True}"
abdominal_adiposity : type_a : alcohol_use : age,logistic,0.696854764107308,"{'penalty': 'l1', 'solver': 'liblinear'}"
abdominal_adiposity : type_a : overall_obesity,svc,0.6817298797409805,"{'C': 1, 'shrinking': True, 'degree': 1, 'gamma': 0.0, 'probability': True}"
abdominal_adiposity : type_a : overall_obesity : age,logistic,0.6946345975948195,"{'penalty': 'l2', 'solver': 'liblinear'}"
abdominal_adiposity : type_a : overall_obesity : alcohol_use,svc,0.6601295097132285,"{'C': 1, 'shrinking': True, 'degree': 1, 'gamma': 0.001, 'probability': True}"
abdominal_adiposity : type_a : overall_obesity : alcohol_use : age,logistic,0.7076318223866791,"{'penalty': 'l1', 'solver': 'lbfgs'}"
age,gaussian,0.696854764107308,{}
alcohol_use,svc,0.6471322849213692,"{'C': 1, 'shrinking': True, 'degree': 1, 'gamma': 0.001, 'probability': True}"
alcohol_use : age,logistic,0.6751156336725254,"{'penalty': 'l1', 'solver': 'liblinear'}"
all,svc,0.7209065679925994,"{'C': 1, 'shrinking': True, 'degree': 1, 'gamma': 0.0, 'probability': True}"
family_history,knn,0.656059204440333,"{'n_neighbors': 20, 'weights': 'uniform', 'leaf_size': 10, 'algorithm': 'brute', 'p': 1}"
family_history : age,svc,0.7164199814986123,"{'C': 1, 'shrinking': True, 'degree': 1, 'gamma': 0.0, 'probability': True}"
family_history : alcohol_use,knn,0.6556429232192416,"{'n_neighbors': 20, 'weights': 'uniform', 'leaf_size': 10, 'algorithm': 'ball_tree', 'p': 1}"
family_history : alcohol_use : age,svc,0.6990749306197965,"{'C': 1000, 'shrinking': True, 'degree': 1, 'gamma': 0.001, 'probability': True}"
family_history : overall_obesity,logistic,0.6602220166512489,"{'penalty': 'l1', 'solver': 'lbfgs'}"
family_history : overall_obesity : age,svc,0.7076780758556892,"{'C': 1, 'shrinking': True, 'degree': 1, 'gamma': 0.0, 'probability': True}"
family_history : overall_obesity : alcohol_use,logistic,0.6579093432007401,"{'penalty': 'l2', 'solver': 'liblinear'}"
family_history : overall_obesity : alcohol_use : age,logistic,0.6990286771507863,"{'penalty': 'l1', 'solver': 'liblinear'}"
family_history : type_a,logistic,0.6730342275670675,"{'penalty': 'l1', 'solver': 'liblinear'}"
family_history : type_a : age,svc,0.7164199814986124,"{'C': 1, 'shrinking': True, 'degree': 1, 'gamma': 0.0, 'probability': True}"
family_history : type_a : alcohol_use,svc,0.6731729879740981,"{'C': 1, 'shrinking': True, 'degree': 1, 'gamma': 0.001, 'probability': True}"
family_history : type_a : alcohol_use : age,svc,0.7035152636447733,"{'C': 1000, 'shrinking': True, 'degree': 1, 'gamma': 0.0001, 'probability': True}"
family_history : type_a : overall_obesity,logistic,0.6601757631822387,"{'penalty': 'l1', 'solver': 'liblinear'}"
family_history : type_a : overall_obesity : age,svc,0.7034227567067531,"{'C': 1000, 'shrinking': True, 'degree': 1, 'gamma': 0.001, 'probability': True}"
family_history : type_a : overall_obesity : alcohol_use,logistic,0.6665124884366328,"{'penalty': 'l1', 'solver': 'lbfgs'}"
family_history : type_a : overall_obesity : alcohol_use : age,gaussian,0.6992599444958371,{}
ldl_cholesterol,svc,0.6666512488436632,"{'C': 10, 'shrinking': True, 'degree': 1, 'gamma': 0.0, 'probability': True}"
ldl_cholesterol : abdominal_adiposity,logistic,0.6796484736355227,"{'penalty': 'l1', 'solver': 'liblinear'}"
ldl_cholesterol : abdominal_adiposity : age,logistic,0.6839037927844589,"{'penalty': 'l1', 'solver': 'liblinear'}"
ldl_cholesterol : abdominal_adiposity : alcohol_use,svc,0.6839500462534691,"{'C': 1, 'shrinking': True, 'degree': 1, 'gamma': 0.0, 'probability': True}"
ldl_cholesterol : abdominal_adiposity : alcohol_use : age,logistic,0.6925994449583719,"{'penalty': 'l1', 'solver': 'liblinear'}"
ldl_cholesterol : abdominal_adiposity : family_history,logistic,0.7014338575393154,"{'penalty': 'l1', 'solver': 'liblinear'}"
ldl_cholesterol : abdominal_adiposity : family_history : age,svc,0.7274283071230343,"{'C': 1000, 'shrinking': True, 'degree': 1, 'gamma': 0.001, 'probability': True}"
ldl_cholesterol : abdominal_adiposity : family_history : alcohol_use,svc,0.7163737280296022,"{'C': 100, 'shrinking': True, 'degree': 1, 'gamma': 0.0, 'probability': True}"
ldl_cholesterol : abdominal_adiposity : family_history : alcohol_use : age,logistic,0.7143385753931545,"{'penalty': 'l1', 'solver': 'liblinear'}"
ldl_cholesterol : abdominal_adiposity : family_history : overall_obesity,logistic,0.7121646623496762,"{'penalty': 'l1', 'solver': 'liblinear'}"
ldl_cholesterol : abdominal_adiposity : family_history : overall_obesity : age,logistic,0.7293709528214617,"{'penalty': 'l1', 'solver': 'lbfgs'}"
ldl_cholesterol : abdominal_adiposity : family_history : overall_obesity : alcohol_use,logistic,0.7056429232192414,"{'penalty': 'l1', 'solver': 'liblinear'}"
ldl_cholesterol : abdominal_adiposity : family_history : overall_obesity : alcohol_use : age,logistic,0.7142460684551342,"{'penalty': 'l1', 'solver': 'liblinear'}"
ldl_cholesterol : abdominal_adiposity : family_history : type_a,svc,0.7100832562442184,"{'C': 1000, 'shrinking': True, 'degree': 1, 'gamma': 0.001, 'probability': True}"
ldl_cholesterol : abdominal_adiposity : family_history : type_a : age,svc,0.7230804810360777,"{'C': 100, 'shrinking': True, 'degree': 1, 'gamma': 0.001, 'probability': True}"
ldl_cholesterol : abdominal_adiposity : family_history : type_a : alcohol_use,svc,0.7120259019426458,"{'C': 1000, 'shrinking': True, 'degree': 1, 'gamma': 0.001, 'probability': True}"
ldl_cholesterol : abdominal_adiposity : family_history : type_a : alcohol_use : age,svc,0.7120721554116558,"{'C': 10, 'shrinking': True, 'degree': 1, 'gamma': 0.0, 'probability': True}"
ldl_cholesterol : abdominal_adiposity : family_history : type_a : overall_obesity,logistic,0.709990749306198,"{'penalty': 'l1', 'solver': 'lbfgs'}"
ldl_cholesterol : abdominal_adiposity : family_history : type_a : overall_obesity : age,logistic,0.7185476410730804,"{'penalty': 'l1', 'solver': 'lbfgs'}"
ldl_cholesterol : abdominal_adiposity : family_history : type_a : overall_obesity : alcohol_use,logistic,0.7056891766882517,"{'penalty': 'l1', 'solver': 'lbfgs'}"
ldl_cholesterol : abdominal_adiposity : family_history : type_a : overall_obesity : alcohol_use : age,logistic,0.714199814986124,"{'penalty': 'l1', 'solver': 'liblinear'}"
ldl_cholesterol : abdominal_adiposity : overall_obesity,logistic,0.6751156336725254,"{'penalty': 'l1', 'solver': 'lbfgs'}"
ldl_cholesterol : abdominal_adiposity : overall_obesity : age,logistic,0.673126734505088,"{'penalty': 'l1', 'solver': 'liblinear'}"
ldl_cholesterol : abdominal_adiposity : overall_obesity : alcohol_use,logistic,0.6686864014801109,"{'penalty': 'l1', 'solver': 'liblinear'}"
ldl_cholesterol : abdominal_adiposity : overall_obesity : alcohol_use : age,logistic,0.6817298797409806,"{'penalty': 'l1', 'solver': 'lbfgs'}"
ldl_cholesterol : abdominal_adiposity : type_a,logistic,0.688159111933395,"{'penalty': 'l1', 'solver': 'liblinear'}"
ldl_cholesterol : abdominal_adiposity : type_a : age,logistic,0.696854764107308,"{'penalty': 'l1', 'solver': 'lbfgs'}"
ldl_cholesterol : abdominal_adiposity : type_a : alcohol_use,logistic,0.6665587419056428,"{'penalty': 'l1', 'solver': 'liblinear'}"
ldl_cholesterol : abdominal_adiposity : type_a : alcohol_use : age,logistic,0.6924144310823312,"{'penalty': 'l1', 'solver': 'liblinear'}"
ldl_cholesterol : abdominal_adiposity : type_a : overall_obesity,logistic,0.6945883441258094,"{'penalty': 'l2', 'solver': 'liblinear'}"
ldl_cholesterol : abdominal_adiposity : type_a : overall_obesity : age,logistic,0.7054579093432009,"{'penalty': 'l1', 'solver': 'liblinear'}"
ldl_cholesterol : abdominal_adiposity : type_a : overall_obesity : alcohol_use,logistic,0.6924144310823312,"{'penalty': 'l1', 'solver': 'liblinear'}"
ldl_cholesterol : abdominal_adiposity : type_a : overall_obesity : alcohol_use : age,logistic,0.7032377428307123,"{'penalty': 'l1', 'solver': 'lbfgs'}"
ldl_cholesterol : age,logistic,0.6860777058279371,"{'penalty': 'l1', 'solver': 'liblinear'}"
ldl_cholesterol : alcohol_use,logistic,0.6709528214616094,"{'penalty': 'l1', 'solver': 'liblinear'}"
ldl_cholesterol : alcohol_use : age,logistic,0.6882978723404255,"{'penalty': 'l1', 'solver': 'liblinear'}"
ldl_cholesterol : family_history,logistic,0.7124421831637372,"{'penalty': 'l1', 'solver': 'lbfgs'}"
ldl_cholesterol : family_history : age,svc,0.7272432932469935,"{'C': 1000, 'shrinking': True, 'degree': 1, 'gamma': 0.001, 'probability': True}"
ldl_cholesterol : family_history : alcohol_use,logistic,0.714477335800185,"{'penalty': 'l1', 'solver': 'liblinear'}"
ldl_cholesterol : family_history : alcohol_use : age,logistic,0.7230342275670676,"{'penalty': 'l1', 'solver': 'liblinear'}"
ldl_cholesterol : family_history : overall_obesity,logistic,0.7080943570767808,"{'penalty': 'l1', 'solver': 'lbfgs'}"
ldl_cholesterol : family_history : overall_obesity : age,logistic,0.7250693802035153,"{'penalty': 'l2', 'solver': 'liblinear'}"
ldl_cholesterol : family_history : overall_obesity : alcohol_use,gaussian,0.7100370027752082,{}
ldl_cholesterol : family_history : overall_obesity : alcohol_use : age,logistic,0.7185938945420907,"{'penalty': 'l2', 'solver': 'liblinear'}"
ldl_cholesterol : family_history : type_a,logistic,0.7100370027752081,"{'penalty': 'l1', 'solver': 'lbfgs'}"
ldl_cholesterol : family_history : type_a : age,svc,0.7207678075855689,"{'C': 1, 'shrinking': True, 'degree': 1, 'gamma': 0.0, 'probability': True}"
ldl_cholesterol : family_history : type_a : alcohol_use,logistic,0.7100832562442182,"{'penalty': 'l1', 'solver': 'liblinear'}"
ldl_cholesterol : family_history : type_a : alcohol_use : age,logistic,0.714199814986124,"{'penalty': 'l1', 'solver': 'liblinear'}"
ldl_cholesterol : family_history : type_a : overall_obesity,logistic,0.7014801110083256,"{'penalty': 'l1', 'solver': 'lbfgs'}"
ldl_cholesterol : family_history : type_a : overall_obesity : age,logistic,0.7098982423681776,"{'penalty': 'l1', 'solver': 'liblinear'}"
ldl_cholesterol : family_history : type_a : overall_obesity : alcohol_use,logistic,0.7100832562442182,"{'penalty': 'l1', 'solver': 'liblinear'}"
ldl_cholesterol : family_history : type_a : overall_obesity : alcohol_use : age,logistic,0.7120259019426458,"{'penalty': 'l1', 'solver': 'liblinear'}"
ldl_cholesterol : overall_obesity,gaussian,0.6646160962072155,{}
ldl_cholesterol : overall_obesity : age,gaussian,0.6882978723404254,{}
ldl_cholesterol : overall_obesity : alcohol_use,svc,0.6623034227567068,"{'C': 1, 'shrinking': True, 'degree': 1, 'gamma': 0.001, 'probability': True}"
ldl_cholesterol : overall_obesity : alcohol_use : age,logistic,0.6947733580018501,"{'penalty': 'l1', 'solver': 'lbfgs'}"
ldl_cholesterol : type_a,gaussian,0.6688251618871415,{}
ldl_cholesterol : type_a : age,logistic,0.6990749306197964,"{'penalty': 'l1', 'solver': 'lbfgs'}"
ldl_cholesterol : type_a : alcohol_use,logistic,0.6601295097132284,"{'penalty': 'l1', 'solver': 'liblinear'}"
ldl_cholesterol : type_a : alcohol_use : age,gaussian,0.696854764107308,{}
ldl_cholesterol : type_a : overall_obesity,gaussian,0.6731729879740981,{}
ldl_cholesterol : type_a : overall_obesity : age,logistic,0.7032839962997224,"{'penalty': 'l1', 'solver': 'lbfgs'}"
ldl_cholesterol : type_a : overall_obesity : alcohol_use,gaussian,0.664477335800185,{}
ldl_cholesterol : type_a : overall_obesity : alcohol_use : age,logistic,0.698936170212766,"{'penalty': 'l1', 'solver': 'liblinear'}"
overall_obesity,logistic,0.6515726179463461,"{'penalty': 'l1', 'solver': 'liblinear'}"
overall_obesity : age,logistic,0.6795097132284921,"{'penalty': 'l1', 'solver': 'lbfgs'}"
overall_obesity : alcohol_use,logistic,0.6450508788159113,"{'penalty': 'l1', 'solver': 'liblinear'}"
overall_obesity : alcohol_use : age,logistic,0.679463459759482,"{'penalty': 'l1', 'solver': 'liblinear'}"
systolic_bp,gaussian,0.6687789084181313,{}
systolic_bp : abdominal_adiposity,knn,0.6666512488436632,"{'n_neighbors': 10, 'weights': 'uniform', 'leaf_size': 10, 'algorithm': 'ball_tree', 'p': 2}"
systolic_bp : abdominal_adiposity : age,logistic,0.6859851988899168,"{'penalty': 'l1', 'solver': 'lbfgs'}"
systolic_bp : abdominal_adiposity : alcohol_use,svc,0.6623959296947272,"{'C': 10, 'shrinking': True, 'degree': 1, 'gamma': 0.0, 'probability': True}"
systolic_bp : abdominal_adiposity : alcohol_use : age,logistic,0.6795097132284922,"{'penalty': 'l2', 'solver': 'liblinear'}"
systolic_bp : abdominal_adiposity : family_history,svc,0.6947271045328399,"{'C': 1, 'shrinking': True, 'degree': 1, 'gamma': 0.0, 'probability': True}"
systolic_bp : abdominal_adiposity : family_history : age,logistic,0.6946808510638297,"{'penalty': 'l1', 'solver': 'lbfgs'}"
systolic_bp : abdominal_adiposity : family_history : alcohol_use,svc,0.6861239592969473,"{'C': 1, 'shrinking': True, 'degree': 1, 'gamma': 0.0, 'probability': True}"
systolic_bp : abdominal_adiposity : family_history : alcohol_use : age,svc,0.7012950971322849,"{'C': 1000, 'shrinking': True, 'degree': 1, 'gamma': 0.001, 'probability': True}"
systolic_bp : abdominal_adiposity : family_history : overall_obesity,logistic,0.6948658649398705,"{'penalty': 'l1', 'solver': 'liblinear'}"
systolic_bp : abdominal_adiposity : family_history : overall_obesity : age,logistic,0.6989824236817761,"{'penalty': 'l1', 'solver': 'liblinear'}"
systolic_bp : abdominal_adiposity : family_history : overall_obesity : alcohol_use,logistic,0.681822386679001,"{'penalty': 'l1', 'solver': 'lbfgs'}"
systolic_bp : abdominal_adiposity : family_history : overall_obesity : alcohol_use : age,svc,0.6969472710453284,"{'C': 1000, 'shrinking': True, 'degree': 1, 'gamma': 0.001, 'probability': True}"
systolic_bp : abdominal_adiposity : family_history : type_a,svc,0.7098982423681776,"{'C': 1000, 'shrinking': True, 'degree': 1, 'gamma': 0.001, 'probability': True}"
systolic_bp : abdominal_adiposity : family_history : type_a : age,svc,0.7206753006475486,"{'C': 1, 'shrinking': True, 'degree': 1, 'gamma': 0.0, 'probability': True}"
systolic_bp : abdominal_adiposity : family_history : type_a : alcohol_use,svc,0.7121646623496762,"{'C': 10, 'shrinking': True, 'degree': 1, 'gamma': 0.0, 'probability': True}"
systolic_bp : abdominal_adiposity : family_history : type_a : alcohol_use : age,svc,0.7186401480111008,"{'C': 100, 'shrinking': True, 'degree': 1, 'gamma': 0.001, 'probability': True}"
systolic_bp : abdominal_adiposity : family_history : type_a : overall_obesity,logistic,0.7163737280296024,"{'penalty': 'l1', 'solver': 'lbfgs'}"
systolic_bp : abdominal_adiposity : family_history : type_a : overall_obesity : age,logistic,0.707631822386679,"{'penalty': 'l1', 'solver': 'liblinear'}"
systolic_bp : abdominal_adiposity : family_history : type_a : overall_obesity : alcohol_use,logistic,0.7163737280296023,"{'penalty': 'l1', 'solver': 'liblinear'}"
systolic_bp : abdominal_adiposity : family_history : type_a : overall_obesity : alcohol_use : age,svc,0.7034690101757631,"{'C': 100, 'shrinking': True, 'degree': 1, 'gamma': 0.001, 'probability': True}"
systolic_bp : abdominal_adiposity : overall_obesity,logistic,0.6709065679925994,"{'penalty': 'l1', 'solver': 'lbfgs'}"
systolic_bp : abdominal_adiposity : overall_obesity : age,logistic,0.6707678075855689,"{'penalty': 'l1', 'solver': 'liblinear'}"
systolic_bp : abdominal_adiposity : overall_obesity : alcohol_use,logistic,0.65790934320074,"{'penalty': 'l1', 'solver': 'liblinear'}"
systolic_bp : abdominal_adiposity : overall_obesity : alcohol_use : age,gaussian,0.6687326549491213,{}
systolic_bp : abdominal_adiposity : type_a,gaussian,0.6729879740980573,{}
systolic_bp : abdominal_adiposity : type_a : age,logistic,0.6751156336725254,"{'penalty': 'l1', 'solver': 'liblinear'}"
systolic_bp : abdominal_adiposity : type_a : alcohol_use,logistic,0.6666049953746531,"{'penalty': 'l1', 'solver': 'liblinear'}"
systolic_bp : abdominal_adiposity : type_a : alcohol_use : age,logistic,0.6729879740980573,"{'penalty': 'l2', 'solver': 'liblinear'}"
systolic_bp : abdominal_adiposity : type_a : overall_obesity,logistic,0.6795097132284921,"{'penalty': 'l1', 'solver': 'liblinear'}"
systolic_bp : abdominal_adiposity : type_a : overall_obesity : age,logistic,0.6990286771507862,"{'penalty': 'l1', 'solver': 'lbfgs'}"
systolic_bp : abdominal_adiposity : type_a : overall_obesity : alcohol_use,svc,0.6709990749306198,"{'C': 10, 'shrinking': True, 'degree': 1, 'gamma': 0.0, 'probability': True}"
systolic_bp : abdominal_adiposity : type_a : overall_obesity : alcohol_use : age,logistic,0.6990286771507863,"{'penalty': 'l2', 'solver': 'liblinear'}"
systolic_bp : age,logistic,0.6751156336725254,"{'penalty': 'l1', 'solver': 'liblinear'}"
systolic_bp : alcohol_use,svc,0.6601757631822387,"{'C': 100, 'shrinking': True, 'degree': 1, 'gamma': 0.0, 'probability': True}"
systolic_bp : alcohol_use : age,logistic,0.6816836262719704,"{'penalty': 'l1', 'solver': 'liblinear'}"
systolic_bp : family_history,decision_tree,0.6950046253469011,"{'max_features': 'auto', 'max_leaf_nodes': 25, 'max_depth': 10}"
systolic_bp : family_history : age,logistic,0.7033302497687327,"{'penalty': 'l1', 'solver': 'lbfgs'}"
systolic_bp : family_history : alcohol_use,svc,0.6774745605920444,"{'C': 1, 'shrinking': True, 'degree': 1, 'gamma': 0.0, 'probability': True}"
systolic_bp : family_history : alcohol_use : age,logistic,0.6946345975948196,"{'penalty': 'l2', 'solver': 'liblinear'}"
systolic_bp : family_history : overall_obesity,logistic,0.6883441258094358,"{'penalty': 'l1', 'solver': 'lbfgs'}"
systolic_bp : family_history : overall_obesity : age,logistic,0.7011563367252543,"{'penalty': 'l1', 'solver': 'lbfgs'}"
systolic_bp : family_history : overall_obesity : alcohol_use,logistic,0.6839962997224791,"{'penalty': 'l1', 'solver': 'lbfgs'}"
systolic_bp : family_history : overall_obesity : alcohol_use : age,logistic,0.7033302497687327,"{'penalty': 'l1', 'solver': 'lbfgs'}"
systolic_bp : family_history : type_a,svc,0.7077243293246994,"{'C': 1, 'shrinking': True, 'degree': 1, 'gamma': 0.0, 'probability': True}"
systolic_bp : family_history : type_a : age,svc,0.7077705827937095,"{'C': 1000, 'shrinking': True, 'degree': 1, 'gamma': 0.001, 'probability': True}"
systolic_bp : family_history : type_a : alcohol_use,svc,0.7012025901942645,"{'C': 10, 'shrinking': True, 'degree': 1, 'gamma': 0.0, 'probability': True}"
systolic_bp : family_history : type_a : alcohol_use : age,svc,0.7034690101757631,"{'C': 10, 'shrinking': True, 'degree': 1, 'gamma': 0.001, 'probability': True}"
systolic_bp : family_history : type_a : overall_obesity,svc,0.6882978723404255,"{'C': 1, 'shrinking': True, 'degree': 1, 'gamma': 0.0, 'probability': True}"
systolic_bp : family_history : type_a : overall_obesity : age,logistic,0.705504162812211,"{'penalty': 'l1', 'solver': 'liblinear'}"
systolic_bp : family_history : type_a : overall_obesity : alcohol_use,logistic,0.6861239592969473,"{'penalty': 'l1', 'solver': 'lbfgs'}"
systolic_bp : family_history : type_a : overall_obesity : alcohol_use : age,logistic,0.7011563367252542,"{'penalty': 'l1', 'solver': 'lbfgs'}"
systolic_bp : ldl_cholesterol,svc,0.6860314523589268,"{'C': 10, 'shrinking': True, 'degree': 1, 'gamma': 0.0, 'probability': True}"
systolic_bp : ldl_cholesterol : abdominal_adiposity,svc,0.6861239592969473,"{'C': 100, 'shrinking': True, 'degree': 1, 'gamma': 0.0, 'probability': True}"
systolic_bp : ldl_cholesterol : abdominal_adiposity : age,gaussian,0.68159111933395,{}
systolic_bp : ldl_cholesterol : abdominal_adiposity : alcohol_use,svc,0.6839037927844587,"{'C': 1000, 'shrinking': True, 'degree': 1, 'gamma': 0.001, 'probability': True}"
systolic_bp : ldl_cholesterol : abdominal_adiposity : alcohol_use : age,gaussian,0.6925531914893617,{}
systolic_bp : ldl_cholesterol : abdominal_adiposity : family_history,svc,0.718686401480111,"{'C': 1, 'shrinking': True, 'degree': 1, 'gamma': 0.0, 'probability': True}"
systolic_bp : ldl_cholesterol : abdominal_adiposity : family_history : age,svc,0.7316836262719704,"{'C': 1, 'shrinking': True, 'degree': 1, 'gamma': 0.0, 'probability': True}"
systolic_bp : ldl_cholesterol : abdominal_adiposity : family_history : alcohol_use,svc,0.7141073080481035,"{'C': 10, 'shrinking': True, 'degree': 1, 'gamma': 0.0, 'probability': True}"
systolic_bp : ldl_cholesterol : abdominal_adiposity : family_history : alcohol_use : age,svc,0.7165124884366328,"{'C': 1000, 'shrinking': True, 'degree': 1, 'gamma': 0.001, 'probability': True}"
systolic_bp : ldl_cholesterol : abdominal_adiposity : family_history : overall_obesity,logistic,0.7122109158186865,"{'penalty': 'l1', 'solver': 'lbfgs'}"
systolic_bp : ldl_cholesterol : abdominal_adiposity : family_history : overall_obesity : age,logistic,0.7206290471785384,"{'penalty': 'l1', 'solver': 'lbfgs'}"
systolic_bp : ldl_cholesterol : abdominal_adiposity : family_history : overall_obesity : alcohol_use,logistic,0.7122109158186863,"{'penalty': 'l1', 'solver': 'liblinear'}"
systolic_bp : ldl_cholesterol : abdominal_adiposity : family_history : overall_obesity : alcohol_use : age,logistic,0.7076780758556891,"{'penalty': 'l1', 'solver': 'lbfgs'}"
systolic_bp : ldl_cholesterol : abdominal_adiposity : family_history : type_a,svc,0.7272895467160037,"{'C': 1, 'shrinking': True, 'degree': 1, 'gamma': 0.0, 'probability': True}"
systolic_bp : ldl_cholesterol : abdominal_adiposity : family_history : type_a : age,svc,0.7337187789084181,"{'C': 1, 'shrinking': True, 'degree': 1, 'gamma': 0.0, 'probability': True}"
systolic_bp : ldl_cholesterol : abdominal_adiposity : family_history : type_a : alcohol_use,svc,0.7293709528214617,"{'C': 1000, 'shrinking': True, 'degree': 1, 'gamma': 0.001, 'probability': True}"
systolic_bp : ldl_cholesterol : abdominal_adiposity : family_history : type_a : alcohol_use : age,svc,0.7358926919518963,"{'C': 1000, 'shrinking': True, 'degree': 1, 'gamma': 0.001, 'probability': True}"
systolic_bp : ldl_cholesterol : abdominal_adiposity : family_history : type_a : overall_obesity,logistic,0.7336725254394081,"{'penalty': 'l1', 'solver': 'liblinear'}"
systolic_bp : ldl_cholesterol : abdominal_adiposity : family_history : type_a : overall_obesity : age,svc,0.7230342275670675,"{'C': 1, 'shrinking': True, 'degree': 1, 'gamma': 0.0, 'probability': True}"
systolic_bp : ldl_cholesterol : abdominal_adiposity : family_history : type_a : overall_obesity : alcohol_use,logistic,0.7271970397779833,"{'penalty': 'l1', 'solver': 'lbfgs'}"
systolic_bp : ldl_cholesterol : abdominal_adiposity : family_history : type_a : overall_obesity : alcohol_use : age,logistic,0.7206753006475485,"{'penalty': 'l1', 'solver': 'liblinear'}"
systolic_bp : ldl_cholesterol : abdominal_adiposity : overall_obesity,svc,0.6839037927844588,"{'C': 10, 'shrinking': True, 'degree': 1, 'gamma': 0.0, 'probability': True}"
systolic_bp : ldl_cholesterol : abdominal_adiposity : overall_obesity : age,logistic,0.6947271045328399,"{'penalty': 'l1', 'solver': 'liblinear'}"
systolic_bp : ldl_cholesterol : abdominal_adiposity : overall_obesity : alcohol_use,logistic,0.6773820536540242,"{'penalty': 'l1', 'solver': 'lbfgs'}"
systolic_bp : ldl_cholesterol : abdominal_adiposity : overall_obesity : alcohol_use : age,logistic,0.6860777058279371,"{'penalty': 'l1', 'solver': 'lbfgs'}"
systolic_bp : ldl_cholesterol : abdominal_adiposity : type_a,svc,0.6904717853839037,"{'C': 1000, 'shrinking': True, 'degree': 1, 'gamma': 0.001, 'probability': True}"
systolic_bp : ldl_cholesterol : abdominal_adiposity : type_a : age,logistic,0.6989361702127659,"{'penalty': 'l1', 'solver': 'lbfgs'}"
systolic_bp : ldl_cholesterol : abdominal_adiposity : type_a : alcohol_use,svc,0.6817298797409805,"{'C': 1, 'shrinking': True, 'degree': 1, 'gamma': 0.0, 'probability': True}"
systolic_bp : ldl_cholesterol : abdominal_adiposity : type_a : alcohol_use : age,logistic,0.6881128584643849,"{'penalty': 'l1', 'solver': 'liblinear'}"
systolic_bp : ldl_cholesterol : abdominal_adiposity : type_a : overall_obesity,logistic,0.688159111933395,"{'penalty': 'l1', 'solver': 'lbfgs'}"
systolic_bp : ldl_cholesterol : abdominal_adiposity : type_a : overall_obesity : age,logistic,0.6902405180388528,"{'penalty': 'l1', 'solver': 'lbfgs'}"
systolic_bp : ldl_cholesterol : abdominal_adiposity : type_a : overall_obesity : alcohol_use,logistic,0.6859389454209065,"{'penalty': 'l1', 'solver': 'liblinear'}"
systolic_bp : ldl_cholesterol : abdominal_adiposity : type_a : overall_obesity : alcohol_use : age,logistic,0.6989361702127659,"{'penalty': 'l2', 'solver': 'liblinear'}"
systolic_bp : ldl_cholesterol : age,logistic,0.6883441258094357,"{'penalty': 'l2', 'solver': 'liblinear'}"
systolic_bp : ldl_cholesterol : alcohol_use,svc,0.6925069380203516,"{'C': 10, 'shrinking': True, 'degree': 1, 'gamma': 0.0, 'probability': True}"
systolic_bp : ldl_cholesterol : alcohol_use : age,gaussian,0.6795559666975023,{}
systolic_bp : ldl_cholesterol : family_history,svc,0.7274283071230342,"{'C': 1, 'shrinking': True, 'degree': 1, 'gamma': 0.0, 'probability': True}"
systolic_bp : ldl_cholesterol : family_history : age,svc,0.729463459759482,"{'C': 1, 'shrinking': True, 'degree': 1, 'gamma': 0.0, 'probability': True}"
systolic_bp : ldl_cholesterol : family_history : alcohol_use,svc,0.7164199814986125,"{'C': 1, 'shrinking': True, 'degree': 1, 'gamma': 0.0, 'probability': True}"
systolic_bp : ldl_cholesterol : family_history : alcohol_use : age,logistic,0.7165124884366326,"{'penalty': 'l1', 'solver': 'lbfgs'}"
systolic_bp : ldl_cholesterol : family_history : overall_obesity,svc,0.7208603145235892,"{'C': 1000, 'shrinking': True, 'degree': 1, 'gamma': 0.001, 'probability': True}"
systolic_bp : ldl_cholesterol : family_history : overall_obesity : age,logistic,0.7185476410730803,"{'penalty': 'l1', 'solver': 'lbfgs'}"
systolic_bp : ldl_cholesterol : family_history : overall_obesity : alcohol_use,svc,0.7120721554116558,"{'C': 1, 'shrinking': True, 'degree': 1, 'gamma': 0.0, 'probability': True}"
systolic_bp : ldl_cholesterol : family_history : overall_obesity : alcohol_use : age,logistic,0.7120259019426457,"{'penalty': 'l2', 'solver': 'liblinear'}"
systolic_bp : ldl_cholesterol : family_history : type_a,svc,0.7273358001850138,"{'C': 1000, 'shrinking': True, 'degree': 1, 'gamma': 0.001, 'probability': True}"
systolic_bp : ldl_cholesterol : family_history : type_a : age,svc,0.7359851988899166,"{'C': 1, 'shrinking': True, 'degree': 1, 'gamma': 0.0, 'probability': True}"
systolic_bp : ldl_cholesterol : family_history : type_a : alcohol_use,svc,0.7229879740980574,"{'C': 1000, 'shrinking': True, 'degree': 1, 'gamma': 0.001, 'probability': True}"
systolic_bp : ldl_cholesterol : family_history : type_a : alcohol_use : age,svc,0.7358926919518963,"{'C': 1000, 'shrinking': True, 'degree': 1, 'gamma': 0.0001, 'probability': True}"
systolic_bp : ldl_cholesterol : family_history : type_a : overall_obesity,logistic,0.7252081406105458,"{'penalty': 'l1', 'solver': 'liblinear'}"
systolic_bp : ldl_cholesterol : family_history : type_a : overall_obesity : age,svc,0.7187326549491212,"{'C': 1, 'shrinking': True, 'degree': 1, 'gamma': 0.0, 'probability': True}"
systolic_bp : ldl_cholesterol : family_history : type_a : overall_obesity : alcohol_use,logistic,0.7100370027752081,"{'penalty': 'l2', 'solver': 'liblinear'}"
systolic_bp : ldl_cholesterol : family_history : type_a : overall_obesity : alcohol_use : age,logistic,0.7228492136910267,"{'penalty': 'l1', 'solver': 'liblinear'}"
systolic_bp : ldl_cholesterol : overall_obesity,gaussian,0.6796484736355226,{}
systolic_bp : ldl_cholesterol : overall_obesity : age,logistic,0.6882978723404254,"{'penalty': 'l1', 'solver': 'lbfgs'}"
systolic_bp : ldl_cholesterol : overall_obesity : alcohol_use,svc,0.6839037927844588,"{'C': 10, 'shrinking': True, 'degree': 1, 'gamma': 0.0, 'probability': True}"
systolic_bp : ldl_cholesterol : overall_obesity : alcohol_use : age,logistic,0.6925531914893618,"{'penalty': 'l2', 'solver': 'liblinear'}"
systolic_bp : ldl_cholesterol : type_a,logistic,0.6904255319148935,"{'penalty': 'l1', 'solver': 'liblinear'}"
systolic_bp : ldl_cholesterol : type_a : age,logistic,0.698936170212766,"{'penalty': 'l1', 'solver': 'lbfgs'}"
systolic_bp : ldl_cholesterol : type_a : alcohol_use,svc,0.688159111933395,"{'C': 1, 'shrinking': True, 'degree': 1, 'gamma': 0.0, 'probability': True}"
systolic_bp : ldl_cholesterol : type_a : alcohol_use : age,logistic,0.68154486586494,"{'penalty': 'l1', 'solver': 'lbfgs'}"
systolic_bp : ldl_cholesterol : type_a : overall_obesity,logistic,0.6882978723404254,"{'penalty': 'l1', 'solver': 'lbfgs'}"
systolic_bp : ldl_cholesterol : type_a : overall_obesity : age,logistic,0.6968085106382979,"{'penalty': 'l2', 'solver': 'liblinear'}"
systolic_bp : ldl_cholesterol : type_a : overall_obesity : alcohol_use,logistic,0.6817761332099906,"{'penalty': 'l1', 'solver': 'liblinear'}"
systolic_bp : ldl_cholesterol : type_a : overall_obesity : alcohol_use : age,logistic,0.6925069380203515,"{'penalty': 'l1', 'solver': 'liblinear'}"
systolic_bp : overall_obesity,gaussian,0.6645235892691951,{}
systolic_bp : overall_obesity : age,gaussian,0.666558741905643,{}
systolic_bp : overall_obesity : alcohol_use,svc,0.651572617946346,"{'C': 1, 'shrinking': True, 'degree': 1, 'gamma': 0.0, 'probability': True}"
systolic_bp : overall_obesity : alcohol_use : age,logistic,0.6795097132284922,"{'penalty': 'l1', 'solver': 'liblinear'}"
systolic_bp : tobacco_use,gaussian,0.6903792784458835,{}
systolic_bp : tobacco_use : abdominal_adiposity,gaussian,0.6945883441258094,{}
systolic_bp : tobacco_use : abdominal_adiposity : age,logistic,0.7055041628122108,"{'penalty': 'l2', 'solver': 'liblinear'}"
systolic_bp : tobacco_use : abdominal_adiposity : alcohol_use,svc,0.6925069380203516,"{'C': 1000, 'shrinking': True, 'degree': 1, 'gamma': 0.001, 'probability': True}"
systolic_bp : tobacco_use : abdominal_adiposity : alcohol_use : age,logistic,0.7011563367252545,"{'penalty': 'l2', 'solver': 'liblinear'}"
systolic_bp : tobacco_use : abdominal_adiposity : family_history,svc,0.7056891766882516,"{'C': 1, 'shrinking': True, 'degree': 1, 'gamma': 0.0, 'probability': True}"
systolic_bp : tobacco_use : abdominal_adiposity : family_history : age,logistic,0.7208140610545791,"{'penalty': 'l1', 'solver': 'liblinear'}"
systolic_bp : tobacco_use : abdominal_adiposity : family_history : alcohol_use,logistic,0.7013876040703052,"{'penalty': 'l1', 'solver': 'lbfgs'}"
systolic_bp : tobacco_use : abdominal_adiposity : family_history : alcohol_use : age,logistic,0.7186401480111009,"{'penalty': 'l1', 'solver': 'liblinear'}"
systolic_bp : tobacco_use : abdominal_adiposity : family_history : overall_obesity,logistic,0.7120721554116558,"{'penalty': 'l1', 'solver': 'liblinear'}"
systolic_bp : tobacco_use : abdominal_adiposity : family_history : overall_obesity : age,logistic,0.7142923219241443,"{'penalty': 'l1', 'solver': 'liblinear'}"
systolic_bp : tobacco_use : abdominal_adiposity : family_history : overall_obesity : alcohol_use,logistic,0.7143385753931545,"{'penalty': 'l1', 'solver': 'lbfgs'}"
systolic_bp : tobacco_use : abdominal_adiposity : family_history : overall_obesity : alcohol_use : age,logistic,0.7121184088806661,"{'penalty': 'l2', 'solver': 'liblinear'}"
systolic_bp : tobacco_use : abdominal_adiposity : family_history : type_a,logistic,0.7077705827937095,"{'penalty': 'l1', 'solver': 'liblinear'}"
systolic_bp : tobacco_use : abdominal_adiposity : family_history : type_a : age,gaussian,0.7078168362627197,{}
systolic_bp : tobacco_use : abdominal_adiposity : family_history : type_a : alcohol_use,svc,0.7185938945420907,"{'C': 1000, 'shrinking': True, 'degree': 1, 'gamma': 0.001, 'probability': True}"
systolic_bp : tobacco_use : abdominal_adiposity : family_history : type_a : alcohol_use : age,svc,0.7121646623496762,"{'C': 1000, 'shrinking': True, 'degree': 1, 'gamma': 0.001, 'probability': True}"
systolic_bp : tobacco_use : abdominal_adiposity : family_history : type_a : overall_obesity,logistic,0.7098982423681777,"{'penalty': 'l1', 'solver': 'liblinear'}"
systolic_bp : tobacco_use : abdominal_adiposity : family_history : type_a : overall_obesity : age,logistic,0.714246068455134,"{'penalty': 'l1', 'solver': 'liblinear'}"
systolic_bp : tobacco_use : abdominal_adiposity : family_history : type_a : overall_obesity : alcohol_use,logistic,0.7098519888991675,"{'penalty': 'l1', 'solver': 'lbfgs'}"
systolic_bp : tobacco_use : abdominal_adiposity : family_history : type_a : overall_obesity : alcohol_use : age,logistic,0.7120721554116558,"{'penalty': 'l2', 'solver': 'liblinear'}"
systolic_bp : tobacco_use : abdominal_adiposity : overall_obesity,logistic,0.7098982423681777,"{'penalty': 'l1', 'solver': 'lbfgs'}"
systolic_bp : tobacco_use : abdominal_adiposity : overall_obesity : age,logistic,0.705504162812211,"{'penalty': 'l1', 'solver': 'lbfgs'}"
systolic_bp : tobacco_use : abdominal_adiposity : overall_obesity : alcohol_use,logistic,0.7120721554116559,"{'penalty': 'l1', 'solver': 'liblinear'}"
systolic_bp : tobacco_use : abdominal_adiposity : overall_obesity : alcohol_use : age,logistic,0.7055041628122108,"{'penalty': 'l1', 'solver': 'liblinear'}"
systolic_bp : tobacco_use : abdominal_adiposity : type_a,svc,0.703422756706753,"{'C': 1, 'shrinking': True, 'degree': 1, 'gamma': 0.0, 'probability': True}"
systolic_bp : tobacco_use : abdominal_adiposity : type_a : age,logistic,0.7075855689176689,"{'penalty': 'l1', 'solver': 'lbfgs'}"
systolic_bp : tobacco_use : abdominal_adiposity : type_a : alcohol_use,random_forest,0.6970860314523589,"{'max_features': 'auto', 'max_leaf_nodes': 15, 'bootstrap': False, 'max_depth': 25}"
systolic_bp : tobacco_use : abdominal_adiposity : type_a : alcohol_use : age,logistic,0.7032377428307123,"{'penalty': 'l1', 'solver': 'liblinear'}"
systolic_bp : tobacco_use : abdominal_adiposity : type_a : overall_obesity,logistic,0.6946808510638298,"{'penalty': 'l1', 'solver': 'lbfgs'}"
systolic_bp : tobacco_use : abdominal_adiposity : type_a : overall_obesity : age,logistic,0.7034227567067529,"{'penalty': 'l1', 'solver': 'lbfgs'}"
systolic_bp : tobacco_use : abdominal_adiposity : type_a : overall_obesity : alcohol_use,logistic,0.6946345975948196,"{'penalty': 'l1', 'solver': 'liblinear'}"
systolic_bp : tobacco_use : abdominal_adiposity : type_a : overall_obesity : alcohol_use : age,logistic,0.7012025901942645,"{'penalty': 'l1', 'solver': 'lbfgs'}"
systolic_bp : tobacco_use : age,logistic,0.6990286771507862,"{'penalty': 'l1', 'solver': 'liblinear'}"
systolic_bp : tobacco_use : alcohol_use,logistic,0.6859851988899168,"{'penalty': 'l1', 'solver': 'liblinear'}"
systolic_bp : tobacco_use : alcohol_use : age,logistic,0.6925069380203516,"{'penalty': 'l1', 'solver': 'liblinear'}"
systolic_bp : tobacco_use : family_history,logistic,0.7079093432007401,"{'penalty': 'l2', 'solver': 'liblinear'}"
systolic_bp : tobacco_use : family_history : age,logistic,0.7294634597594819,"{'penalty': 'l1', 'solver': 'lbfgs'}"
systolic_bp : tobacco_use : family_history : alcohol_use,logistic,0.7014338575393153,"{'penalty': 'l1', 'solver': 'liblinear'}"
systolic_bp : tobacco_use : family_history : alcohol_use : age,logistic,0.7186401480111009,"{'penalty': 'l1', 'solver': 'lbfgs'}"
systolic_bp : tobacco_use : family_history : overall_obesity,logistic,0.7013876040703052,"{'penalty': 'l1', 'solver': 'liblinear'}"
systolic_bp : tobacco_use : family_history : overall_obesity : age,logistic,0.7251156336725253,"{'penalty': 'l1', 'solver': 'liblinear'}"
systolic_bp : tobacco_use : family_history : overall_obesity : alcohol_use,logistic,0.6992599444958372,"{'penalty': 'l1', 'solver': 'liblinear'}"
systolic_bp : tobacco_use : family_history : overall_obesity : alcohol_use : age,logistic,0.7142923219241444,"{'penalty': 'l1', 'solver': 'liblinear'}"
systolic_bp : tobacco_use : family_history : type_a,logistic,0.6948196114708602,"{'penalty': 'l1', 'solver': 'liblinear'}"
systolic_bp : tobacco_use : family_history : type_a : age,gaussian,0.7208603145235892,{}
systolic_bp : tobacco_use : family_history : type_a : alcohol_use,svc,0.7012488436632747,"{'C': 1, 'shrinking': True, 'degree': 1, 'gamma': 0.0, 'probability': True}"
systolic_bp : tobacco_use : family_history : type_a : alcohol_use : age,gaussian,0.7013876040703053,{}
systolic_bp : tobacco_use : family_history : type_a : overall_obesity,logistic,0.692645698427382,"{'penalty': 'l1', 'solver': 'lbfgs'}"
systolic_bp : tobacco_use : family_history : type_a : overall_obesity : age,gaussian,0.7165124884366326,{}
systolic_bp : tobacco_use : family_history : type_a : overall_obesity : alcohol_use,logistic,0.6882978723404255,"{'penalty': 'l1', 'solver': 'liblinear'}"
systolic_bp : tobacco_use : family_history : type_a : overall_obesity : alcohol_use : age,logistic,0.7055966697502314,"{'penalty': 'l1', 'solver': 'liblinear'}"
systolic_bp : tobacco_use : ldl_cholesterol,gaussian,0.7250693802035152,{}
systolic_bp : tobacco_use : ldl_cholesterol : abdominal_adiposity,svc,0.7076780758556892,"{'C': 1, 'shrinking': True, 'degree': 1, 'gamma': 0.0, 'probability': True}"
systolic_bp : tobacco_use : ldl_cholesterol : abdominal_adiposity : age,svc,0.6968085106382979,"{'C': 1000, 'shrinking': True, 'degree': 1, 'gamma': 0.0001, 'probability': True}"
systolic_bp : tobacco_use : ldl_cholesterol : abdominal_adiposity : alcohol_use,logistic,0.6969472710453284,"{'penalty': 'l1', 'solver': 'lbfgs'}"
systolic_bp : tobacco_use : ldl_cholesterol : abdominal_adiposity : alcohol_use : age,logistic,0.6947733580018501,"{'penalty': 'l1', 'solver': 'lbfgs'}"
systolic_bp : tobacco_use : ldl_cholesterol : abdominal_adiposity : family_history,svc,0.729463459759482,"{'C': 1000, 'shrinking': True, 'degree': 1, 'gamma': 0.001, 'probability': True}"
systolic_bp : tobacco_use : ldl_cholesterol : abdominal_adiposity : family_history : age,svc,0.7295097132284922,"{'C': 100, 'shrinking': True, 'degree': 1, 'gamma': 0.001, 'probability': True}"
systolic_bp : tobacco_use : ldl_cholesterol : abdominal_adiposity : family_history : alcohol_use,svc,0.7272432932469935,"{'C': 1000, 'shrinking': True, 'degree': 1, 'gamma': 0.0001, 'probability': True}"
systolic_bp : tobacco_use : ldl_cholesterol : abdominal_adiposity : family_history : alcohol_use : age,logistic,0.718686401480111,"{'penalty': 'l1', 'solver': 'lbfgs'}"
systolic_bp : tobacco_use : ldl_cholesterol : abdominal_adiposity : family_history : overall_obesity,svc,0.716558741905643,"{'C': 1000, 'shrinking': True, 'degree': 1, 'gamma': 0.001, 'probability': True}"
systolic_bp : tobacco_use : ldl_cholesterol : abdominal_adiposity : family_history : overall_obesity : age,logistic,0.7164662349676226,"{'penalty': 'l1', 'solver': 'liblinear'}"
systolic_bp : tobacco_use : ldl_cholesterol : abdominal_adiposity : family_history : overall_obesity : alcohol_use,logistic,0.7229879740980575,"{'penalty': 'l1', 'solver': 'liblinear'}"
systolic_bp : tobacco_use : ldl_cholesterol : abdominal_adiposity : family_history : overall_obesity : alcohol_use : age,svc,0.7164662349676225,"{'C': 1000, 'shrinking': True, 'degree': 1, 'gamma': 0.0001, 'probability': True}"
systolic_bp : tobacco_use : ldl_cholesterol : abdominal_adiposity : family_history : type_a,svc,0.7272895467160038,"{'C': 1000, 'shrinking': True, 'degree': 1, 'gamma': 0.001, 'probability': True}"
systolic_bp : tobacco_use : ldl_cholesterol : abdominal_adiposity : family_history : type_a : age,logistic,0.7294172062904718,"{'penalty': 'l1', 'solver': 'liblinear'}"
systolic_bp : tobacco_use : ldl_cholesterol : abdominal_adiposity : family_history : type_a : alcohol_use,svc,0.7337187789084181,"{'C': 10, 'shrinking': True, 'degree': 1, 'gamma': 0.001, 'probability': True}"
systolic_bp : tobacco_use : ldl_cholesterol : abdominal_adiposity : family_history : type_a : alcohol_use : age,svc,0.7272432932469935,"{'C': 100, 'shrinking': True, 'degree': 1, 'gamma': 0.001, 'probability': True}"
systolic_bp : tobacco_use : ldl_cholesterol : abdominal_adiposity : family_history : type_a : overall_obesity,logistic,0.7229417206290473,"{'penalty': 'l1', 'solver': 'liblinear'}"
systolic_bp : tobacco_use : ldl_cholesterol : abdominal_adiposity : family_history : type_a : overall_obesity : age,logistic,0.7185476410730806,"{'penalty': 'l1', 'solver': 'lbfgs'}"
systolic_bp : tobacco_use : ldl_cholesterol : abdominal_adiposity : family_history : type_a : overall_obesity : alcohol_use,svc,0.7272895467160037,"{'C': 1000, 'shrinking': True, 'degree': 1, 'gamma': 0.001, 'probability': True}"
systolic_bp : tobacco_use : ldl_cholesterol : abdominal_adiposity : overall_obesity,svc,0.7142460684551343,"{'C': 1000, 'shrinking': True, 'degree': 1, 'gamma': 0.0001, 'probability': True}"
systolic_bp : tobacco_use : ldl_cholesterol : abdominal_adiposity : overall_obesity : age,logistic,0.7013413506012951,"{'penalty': 'l1', 'solver': 'liblinear'}"
systolic_bp : tobacco_use : ldl_cholesterol : abdominal_adiposity : overall_obesity : alcohol_use,svc,0.70786308973173,"{'C': 100, 'shrinking': True, 'degree': 1, 'gamma': 0.001, 'probability': True}"
systolic_bp : tobacco_use : ldl_cholesterol : abdominal_adiposity : overall_obesity : alcohol_use : age,logistic,0.7012488436632748,"{'penalty': 'l1', 'solver': 'lbfgs'}"
systolic_bp : tobacco_use : ldl_cholesterol : abdominal_adiposity : type_a,gaussian,0.712118408880666,{}
systolic_bp : tobacco_use : ldl_cholesterol : abdominal_adiposity : type_a : age,logistic,0.7011563367252545,"{'penalty': 'l1', 'solver': 'liblinear'}"
systolic_bp : tobacco_use : ldl_cholesterol : abdominal_adiposity : type_a : alcohol_use,gaussian,0.6990286771507863,{}
systolic_bp : tobacco_use : ldl_cholesterol : abdominal_adiposity : type_a : alcohol_use : age,svc,0.6989824236817761,"{'C': 1000, 'shrinking': True, 'degree': 1, 'gamma': 0.0001, 'probability': True}"
systolic_bp : tobacco_use : ldl_cholesterol : abdominal_adiposity : type_a : overall_obesity,svc,0.6991211840888065,"{'C': 1000, 'shrinking': True, 'degree': 1, 'gamma': 0.0001, 'probability': True}"
systolic_bp : tobacco_use : ldl_cholesterol : abdominal_adiposity : type_a : overall_obesity : age,logistic,0.7098982423681777,"{'penalty': 'l1', 'solver': 'liblinear'}"
systolic_bp : tobacco_use : ldl_cholesterol : abdominal_adiposity : type_a : overall_obesity : alcohol_use,svc,0.7013413506012951,"{'C': 100, 'shrinking': True, 'degree': 1, 'gamma': 0.001, 'probability': True}"
systolic_bp : tobacco_use : ldl_cholesterol : abdominal_adiposity : type_a : overall_obesity : alcohol_use : age,logistic,0.7033765032377428,"{'penalty': 'l1', 'solver': 'liblinear'}"
systolic_bp : tobacco_use : ldl_cholesterol : age,gaussian,0.7164199814986122,{}
systolic_bp : tobacco_use : ldl_cholesterol : alcohol_use,gaussian,0.7120721554116558,{}
systolic_bp : tobacco_use : ldl_cholesterol : alcohol_use : age,logistic,0.7012488436632747,"{'penalty': 'l2', 'solver': 'liblinear'}"
systolic_bp : tobacco_use : ldl_cholesterol : family_history,logistic,0.7296022201665125,"{'penalty': 'l2', 'solver': 'liblinear'}"
systolic_bp : tobacco_use : ldl_cholesterol : family_history : age,logistic,0.7209065679925996,"{'penalty': 'l1', 'solver': 'lbfgs'}"
systolic_bp : tobacco_use : ldl_cholesterol : family_history : alcohol_use,logistic,0.7296022201665124,"{'penalty': 'l1', 'solver': 'liblinear'}"
systolic_bp : tobacco_use : ldl_cholesterol : family_history : alcohol_use : age,logistic,0.7209065679925994,"{'penalty': 'l1', 'solver': 'liblinear'}"
systolic_bp : tobacco_use : ldl_cholesterol : family_history : overall_obesity,svc,0.7208603145235893,"{'C': 100, 'shrinking': True, 'degree': 1, 'gamma': 0.001, 'probability': True}"
systolic_bp : tobacco_use : ldl_cholesterol : family_history : overall_obesity : age,logistic,0.727335800185014,"{'penalty': 'l1', 'solver': 'liblinear'}"
systolic_bp : tobacco_use : ldl_cholesterol : family_history : overall_obesity : alcohol_use,logistic,0.7230342275670675,"{'penalty': 'l1', 'solver': 'lbfgs'}"
systolic_bp : tobacco_use : ldl_cholesterol : family_history : overall_obesity : alcohol_use : age,svc,0.7208603145235892,"{'C': 100, 'shrinking': True, 'degree': 1, 'gamma': 0.0001, 'probability': True}"
systolic_bp : tobacco_use : ldl_cholesterol : family_history : type_a,svc,0.7294172062904718,"{'C': 100, 'shrinking': True, 'degree': 1, 'gamma': 0.001, 'probability': True}"
systolic_bp : tobacco_use : ldl_cholesterol : family_history : type_a : age,svc,0.733672525439408,"{'C': 1000, 'shrinking': True, 'degree': 1, 'gamma': 0.001, 'probability': True}"
systolic_bp : tobacco_use : ldl_cholesterol : family_history : type_a : alcohol_use,svc,0.7251618871415356,"{'C': 1, 'shrinking': True, 'degree': 1, 'gamma': 0.0, 'probability': True}"
systolic_bp : tobacco_use : ldl_cholesterol : family_history : type_a : alcohol_use : age,logistic,0.7229879740980574,"{'penalty': 'l2', 'solver': 'liblinear'}"
systolic_bp : tobacco_use : ldl_cholesterol : family_history : type_a : overall_obesity,logistic,0.7187789084181313,"{'penalty': 'l1', 'solver': 'liblinear'}"
systolic_bp : tobacco_use : ldl_cholesterol : family_history : type_a : overall_obesity : age,svc,0.7251156336725255,"{'C': 1000, 'shrinking': True, 'degree': 1, 'gamma': 0.001, 'probability': True}"
systolic_bp : tobacco_use : ldl_cholesterol : family_history : type_a : overall_obesity : alcohol_use,svc,0.7295559666975023,"{'C': 1000, 'shrinking': True, 'degree': 1, 'gamma': 0.001, 'probability': True}"
systolic_bp : tobacco_use : ldl_cholesterol : family_history : type_a : overall_obesity : alcohol_use : age,logistic,0.7228954671600369,"{'penalty': 'l1', 'solver': 'lbfgs'}"
systolic_bp : tobacco_use : ldl_cholesterol : overall_obesity,gaussian,0.709990749306198,{}
systolic_bp : tobacco_use : ldl_cholesterol : overall_obesity : age,gaussian,0.703422756706753,{}
systolic_bp : tobacco_use : ldl_cholesterol : overall_obesity : alcohol_use,logistic,0.6991211840888066,"{'penalty': 'l2', 'solver': 'liblinear'}"
systolic_bp : tobacco_use : ldl_cholesterol : overall_obesity : alcohol_use : age,logistic,0.7034227567067531,"{'penalty': 'l1', 'solver': 'liblinear'}"
systolic_bp : tobacco_use : ldl_cholesterol : type_a,gaussian,0.7207678075855688,{}
systolic_bp : tobacco_use : ldl_cholesterol : type_a : age,gaussian,0.7164662349676226,{}
systolic_bp : tobacco_use : ldl_cholesterol : type_a : alcohol_use,svc,0.7078168362627197,"{'C': 1000, 'shrinking': True, 'degree': 1, 'gamma': 0.0001, 'probability': True}"
systolic_bp : tobacco_use : ldl_cholesterol : type_a : alcohol_use : age,gaussian,0.70786308973173,{}
systolic_bp : tobacco_use : ldl_cholesterol : type_a : overall_obesity,svc,0.7013413506012951,"{'C': 1, 'shrinking': True, 'degree': 1, 'gamma': 0.0, 'probability': True}"
systolic_bp : tobacco_use : ldl_cholesterol : type_a : overall_obesity : age,gaussian,0.7099444958371878,{}
systolic_bp : tobacco_use : ldl_cholesterol : type_a : overall_obesity : alcohol_use,logistic,0.6969010175763183,"{'penalty': 'l2', 'solver': 'liblinear'}"
systolic_bp : tobacco_use : ldl_cholesterol : type_a : overall_obesity : alcohol_use : age,logistic,0.6946808510638298,"{'penalty': 'l1', 'solver': 'lbfgs'}"
systolic_bp : tobacco_use : overall_obesity,gaussian,0.6796484736355228,{}
systolic_bp : tobacco_use : overall_obesity : age,logistic,0.6859851988899168,"{'penalty': 'l1', 'solver': 'liblinear'}"
systolic_bp : tobacco_use : overall_obesity : alcohol_use,logistic,0.6795097132284923,"{'penalty': 'l1', 'solver': 'liblinear'}"
systolic_bp : tobacco_use : overall_obesity : alcohol_use : age,logistic,0.6859851988899166,"{'penalty': 'l1', 'solver': 'liblinear'}"
systolic_bp : tobacco_use : type_a,gaussian,0.6947271045328399,{}
systolic_bp : tobacco_use : type_a : age,svc,0.7119796484736355,"{'C': 100, 'shrinking': True, 'degree': 1, 'gamma': 0.001, 'probability': True}"
systolic_bp : tobacco_use : type_a : alcohol_use,logistic,0.6837650323774284,"{'penalty': 'l2', 'solver': 'liblinear'}"
systolic_bp : tobacco_use : type_a : alcohol_use : age,logistic,0.6945883441258095,"{'penalty': 'l1', 'solver': 'liblinear'}"
systolic_bp : tobacco_use : type_a : overall_obesity,svc,0.6948196114708602,"{'C': 1000, 'shrinking': True, 'degree': 1, 'gamma': 0.001, 'probability': True}"
systolic_bp : tobacco_use : type_a : overall_obesity : age,logistic,0.7054579093432007,"{'penalty': 'l1', 'solver': 'liblinear'}"
systolic_bp : tobacco_use : type_a : overall_obesity : alcohol_use,logistic,0.6881128584643847,"{'penalty': 'l1', 'solver': 'lbfgs'}"
systolic_bp : tobacco_use : type_a : overall_obesity : alcohol_use : age,logistic,0.6924144310823312,"{'penalty': 'l1', 'solver': 'lbfgs'}"
systolic_bp : type_a,gaussian,0.6709065679925994,{}
systolic_bp : type_a : age,gaussian,0.6858464384828863,{}
systolic_bp : type_a : alcohol_use,logistic,0.6600832562442183,"{'penalty': 'l2', 'solver': 'liblinear'}"
systolic_bp : type_a : alcohol_use : age,logistic,0.6773358001850138,"{'penalty': 'l1', 'solver': 'liblinear'}"
systolic_bp : type_a : overall_obesity,gaussian,0.6775670675300647,{}
systolic_bp : type_a : overall_obesity : age,logistic,0.670814061054579,"{'penalty': 'l1', 'solver': 'liblinear'}"
systolic_bp : type_a : overall_obesity : alcohol_use,logistic,0.6665124884366328,"{'penalty': 'l1', 'solver': 'liblinear'}"
systolic_bp : type_a : overall_obesity : alcohol_use : age,logistic,0.6729879740980572,"{'penalty': 'l2', 'solver': 'liblinear'}"
tobacco_use,gaussian,0.6969472710453284,{}
tobacco_use : abdominal_adiposity,gaussian,0.6969010175763182,{}
tobacco_use : abdominal_adiposity : age,logistic,0.7033765032377428,"{'penalty': 'l1', 'solver': 'liblinear'}"
tobacco_use : abdominal_adiposity : alcohol_use,logistic,0.6903330249768733,"{'penalty': 'l1', 'solver': 'liblinear'}"
tobacco_use : abdominal_adiposity : alcohol_use : age,logistic,0.6990286771507863,"{'penalty': 'l2', 'solver': 'liblinear'}"
tobacco_use : abdominal_adiposity : family_history,gaussian,0.7034690101757632,{}
tobacco_use : abdominal_adiposity : family_history : age,logistic,0.7186401480111008,"{'penalty': 'l1', 'solver': 'lbfgs'}"
tobacco_use : abdominal_adiposity : family_history : alcohol_use,svc,0.6905642923219241,"{'C': 1, 'shrinking': True, 'degree': 1, 'gamma': 0.0, 'probability': True}"
tobacco_use : abdominal_adiposity : family_history : alcohol_use : age,logistic,0.7142923219241443,"{'penalty': 'l1', 'solver': 'liblinear'}"
tobacco_use : abdominal_adiposity : family_history : overall_obesity,logistic,0.7035152636447732,"{'penalty': 'l1', 'solver': 'liblinear'}"
tobacco_use : abdominal_adiposity : family_history : overall_obesity : age,logistic,0.7208140610545792,"{'penalty': 'l1', 'solver': 'lbfgs'}"
tobacco_use : abdominal_adiposity : family_history : overall_obesity : alcohol_use,logistic,0.701341350601295,"{'penalty': 'l1', 'solver': 'liblinear'}"
tobacco_use : abdominal_adiposity : family_history : overall_obesity : alcohol_use : age,logistic,0.7164662349676225,"{'penalty': 'l1', 'solver': 'lbfgs'}"
tobacco_use : abdominal_adiposity : family_history : type_a,gaussian,0.7055966697502313,{}
tobacco_use : abdominal_adiposity : family_history : type_a : age,gaussian,0.7165124884366326,{}
tobacco_use : abdominal_adiposity : family_history : type_a : alcohol_use,logistic,0.6947271045328399,"{'penalty': 'l2', 'solver': 'liblinear'}"
tobacco_use : abdominal_adiposity : family_history : type_a : alcohol_use : age,logistic,0.7012025901942646,"{'penalty': 'l1', 'solver': 'liblinear'}"
tobacco_use : abdominal_adiposity : family_history : type_a : overall_obesity,logistic,0.7055504162812212,"{'penalty': 'l2', 'solver': 'liblinear'}"
tobacco_use : abdominal_adiposity : family_history : type_a : overall_obesity : age,logistic,0.7142460684551342,"{'penalty': 'l1', 'solver': 'lbfgs'}"
tobacco_use : abdominal_adiposity : family_history : type_a : overall_obesity : alcohol_use,logistic,0.7054579093432009,"{'penalty': 'l2', 'solver': 'liblinear'}"
tobacco_use : abdominal_adiposity : family_history : type_a : overall_obesity : alcohol_use : age,logistic,0.7098982423681777,"{'penalty': 'l1', 'solver': 'liblinear'}"
tobacco_use : abdominal_adiposity : overall_obesity,logistic,0.7032839962997225,"{'penalty': 'l1', 'solver': 'lbfgs'}"
tobacco_use : abdominal_adiposity : overall_obesity : age,logistic,0.7098057354301572,"{'penalty': 'l1', 'solver': 'lbfgs'}"
tobacco_use : abdominal_adiposity : overall_obesity : alcohol_use,logistic,0.7011100832562442,"{'penalty': 'l2', 'solver': 'liblinear'}"
tobacco_use : abdominal_adiposity : overall_obesity : alcohol_use : age,logistic,0.7119796484736355,"{'penalty': 'l1', 'solver': 'liblinear'}"
tobacco_use : abdominal_adiposity : type_a,svc,0.709990749306198,"{'C': 1, 'shrinking': True, 'degree': 1, 'gamma': 0.0, 'probability': True}"
tobacco_use : abdominal_adiposity : type_a : age,logistic,0.714199814986124,"{'penalty': 'l1', 'solver': 'lbfgs'}"
tobacco_use : abdominal_adiposity : type_a : alcohol_use,logistic,0.6925531914893616,"{'penalty': 'l1', 'solver': 'lbfgs'}"
tobacco_use : abdominal_adiposity : type_a : alcohol_use : age,logistic,0.7076780758556891,"{'penalty': 'l1', 'solver': 'liblinear'}"
tobacco_use : abdominal_adiposity : type_a : overall_obesity,gaussian,0.7034227567067529,{}
tobacco_use : abdominal_adiposity : type_a : overall_obesity : age,logistic,0.714153561517114,"{'penalty': 'l1', 'solver': 'lbfgs'}"
tobacco_use : abdominal_adiposity : type_a : overall_obesity : alcohol_use,logistic,0.6946808510638298,"{'penalty': 'l1', 'solver': 'lbfgs'}"
tobacco_use : abdominal_adiposity : type_a : overall_obesity : alcohol_use : age,logistic,0.7012025901942646,"{'penalty': 'l1', 'solver': 'liblinear'}"
tobacco_use : age,logistic,0.6989824236817761,"{'penalty': 'l1', 'solver': 'lbfgs'}"
tobacco_use : alcohol_use,logistic,0.6882516188714154,"{'penalty': 'l1', 'solver': 'liblinear'}"
tobacco_use : alcohol_use : age,logistic,0.7076318223866791,"{'penalty': 'l1', 'solver': 'lbfgs'}"
tobacco_use : family_history,svc,0.7013413506012951,"{'C': 1000, 'shrinking': True, 'degree': 1, 'gamma': 0.001, 'probability': True}"
tobacco_use : family_history : age,logistic,0.7251618871415355,"{'penalty': 'l1', 'solver': 'liblinear'}"
tobacco_use : family_history : alcohol_use,logistic,0.6796484736355227,"{'penalty': 'l1', 'solver': 'lbfgs'}"
tobacco_use : family_history : alcohol_use : age,logistic,0.7208140610545791,"{'penalty': 'l1', 'solver': 'liblinear'}"
tobacco_use : family_history : overall_obesity,gaussian,0.688436632747456,{}
tobacco_use : family_history : overall_obesity : age,gaussian,0.727382053654024,{}
tobacco_use : family_history : overall_obesity : alcohol_use,gaussian,0.6732654949121184,{}
tobacco_use : family_history : overall_obesity : alcohol_use : age,logistic,0.7208140610545791,"{'penalty': 'l1', 'solver': 'liblinear'}"
tobacco_use : family_history : type_a,logistic,0.6992136910268272,"{'penalty': 'l1', 'solver': 'liblinear'}"
tobacco_use : family_history : type_a : age,gaussian,0.7338575393154487,{}
tobacco_use : family_history : type_a : alcohol_use,logistic,0.690518038852914,"{'penalty': 'l1', 'solver': 'liblinear'}"
tobacco_use : family_history : type_a : alcohol_use : age,logistic,0.7077243293246994,"{'penalty': 'l1', 'solver': 'lbfgs'}"
tobacco_use : family_history : type_a : overall_obesity,gaussian,0.6927844588344125,{}
tobacco_use : family_history : type_a : overall_obesity : age,gaussian,0.7251618871415355,{}
tobacco_use : family_history : type_a : overall_obesity : alcohol_use,logistic,0.6839962997224791,"{'penalty': 'l1', 'solver': 'liblinear'}"
tobacco_use : family_history : type_a : overall_obesity : alcohol_use : age,gaussian,0.7099907493061979,{}
tobacco_use : ldl_cholesterol,gaussian,0.6969935245143386,{}
tobacco_use : ldl_cholesterol : abdominal_adiposity,logistic,0.7098982423681777,"{'penalty': 'l2', 'solver': 'liblinear'}"
tobacco_use : ldl_cholesterol : abdominal_adiposity : age,logistic,0.7100370027752081,"{'penalty': 'l1', 'solver': 'liblinear'}"
tobacco_use : ldl_cholesterol : abdominal_adiposity : alcohol_use,logistic,0.7012025901942646,"{'penalty': 'l1', 'solver': 'liblinear'}"
tobacco_use : ldl_cholesterol : abdominal_adiposity : alcohol_use : age,logistic,0.7056429232192414,"{'penalty': 'l2', 'solver': 'liblinear'}"
tobacco_use : ldl_cholesterol : abdominal_adiposity : family_history,gaussian,0.7230804810360777,{}
tobacco_use : ldl_cholesterol : abdominal_adiposity : family_history : age,svc,0.718686401480111,"{'C': 10, 'shrinking': True, 'degree': 1, 'gamma': 0.001, 'probability': True}"
tobacco_use : ldl_cholesterol : abdominal_adiposity : family_history : alcohol_use,gaussian,0.7080018501387604,{}
tobacco_use : ldl_cholesterol : abdominal_adiposity : family_history : alcohol_use : age,logistic,0.720814061054579,"{'penalty': 'l1', 'solver': 'lbfgs'}"
tobacco_use : ldl_cholesterol : abdominal_adiposity : family_history : overall_obesity,logistic,0.7187326549491212,"{'penalty': 'l1', 'solver': 'lbfgs'}"
tobacco_use : ldl_cholesterol : abdominal_adiposity : family_history : overall_obesity : age,logistic,0.7099444958371877,"{'penalty': 'l1', 'solver': 'liblinear'}"
tobacco_use : ldl_cholesterol : abdominal_adiposity : family_history : overall_obesity : alcohol_use,logistic,0.7143848288621647,"{'penalty': 'l2', 'solver': 'liblinear'}"
tobacco_use : ldl_cholesterol : abdominal_adiposity : family_history : overall_obesity : alcohol_use : age,logistic,0.7186401480111008,"{'penalty': 'l1', 'solver': 'liblinear'}"
tobacco_use : ldl_cholesterol : abdominal_adiposity : family_history : type_a,gaussian,0.7295097132284921,{}
tobacco_use : ldl_cholesterol : abdominal_adiposity : family_history : type_a : age,logistic,0.7294172062904718,"{'penalty': 'l2', 'solver': 'liblinear'}"
tobacco_use : ldl_cholesterol : abdominal_adiposity : family_history : type_a : alcohol_use,svc,0.7294172062904717,"{'C': 1, 'shrinking': True, 'degree': 1, 'gamma': 0.0, 'probability': True}"
tobacco_use : ldl_cholesterol : abdominal_adiposity : family_history : type_a : alcohol_use : age,logistic,0.73159111933395,"{'penalty': 'l1', 'solver': 'liblinear'}"
tobacco_use : ldl_cholesterol : abdominal_adiposity : family_history : type_a : overall_obesity,gaussian,0.7272895467160035,{}
tobacco_use : ldl_cholesterol : abdominal_adiposity : family_history : type_a : overall_obesity : age,logistic,0.7294172062904718,"{'penalty': 'l1', 'solver': 'liblinear'}"
tobacco_use : ldl_cholesterol : abdominal_adiposity : family_history : type_a : overall_obesity : alcohol_use,logistic,0.720814061054579,"{'penalty': 'l1', 'solver': 'lbfgs'}"
tobacco_use : ldl_cholesterol : abdominal_adiposity : family_history : type_a : overall_obesity : alcohol_use : age,logistic,0.7250693802035153,"{'penalty': 'l1', 'solver': 'liblinear'}"
tobacco_use : ldl_cholesterol : abdominal_adiposity : overall_obesity,logistic,0.7163274745605921,"{'penalty': 'l1', 'solver': 'lbfgs'}"
tobacco_use : ldl_cholesterol : abdominal_adiposity : overall_obesity : age,logistic,0.7121646623496762,"{'penalty': 'l1', 'solver': 'liblinear'}"
tobacco_use : ldl_cholesterol : abdominal_adiposity : overall_obesity : alcohol_use,logistic,0.7119796484736354,"{'penalty': 'l1', 'solver': 'liblinear'}"
tobacco_use : ldl_cholesterol : abdominal_adiposity : overall_obesity : alcohol_use : age,logistic,0.709990749306198,"{'penalty': 'l1', 'solver': 'liblinear'}"
tobacco_use : ldl_cholesterol : abdominal_adiposity : type_a,gaussian,0.7055966697502314,{}
tobacco_use : ldl_cholesterol : abdominal_adiposity : type_a : age,logistic,0.703422756706753,"{'penalty': 'l1', 'solver': 'liblinear'}"
tobacco_use : ldl_cholesterol : abdominal_adiposity : type_a : alcohol_use,gaussian,0.7012025901942645,{}
tobacco_use : ldl_cholesterol : abdominal_adiposity : type_a : alcohol_use : age,gaussian,0.6990749306197965,{}
tobacco_use : ldl_cholesterol : abdominal_adiposity : type_a : overall_obesity,gaussian,0.7165124884366326,{}
tobacco_use : ldl_cholesterol : abdominal_adiposity : type_a : overall_obesity : age,logistic,0.7120259019426458,"{'penalty': 'l1', 'solver': 'liblinear'}"
tobacco_use : ldl_cholesterol : abdominal_adiposity : type_a : overall_obesity : alcohol_use,logistic,0.7055504162812211,"{'penalty': 'l1', 'solver': 'liblinear'}"
tobacco_use : ldl_cholesterol : abdominal_adiposity : type_a : overall_obesity : alcohol_use : age,logistic,0.7077243293246994,"{'penalty': 'l2', 'solver': 'liblinear'}"
tobacco_use : ldl_cholesterol : age,logistic,0.7187326549491211,"{'penalty': 'l1', 'solver': 'liblinear'}"
tobacco_use : ldl_cholesterol : alcohol_use,logistic,0.6927382053654023,"{'penalty': 'l1', 'solver': 'liblinear'}"
tobacco_use : ldl_cholesterol : alcohol_use : age,logistic,0.7099444958371877,"{'penalty': 'l2', 'solver': 'liblinear'}"
tobacco_use : ldl_cholesterol : family_history,gaussian,0.7252543940795559,{}
tobacco_use : ldl_cholesterol : family_history : age,svc,0.7294172062904718,"{'C': 100, 'shrinking': True, 'degree': 1, 'gamma': 0.001, 'probability': True}"
tobacco_use : ldl_cholesterol : family_history : alcohol_use,logistic,0.7165124884366326,"{'penalty': 'l1', 'solver': 'liblinear'}"
tobacco_use : ldl_cholesterol : family_history : alcohol_use : age,logistic,0.7251618871415356,"{'penalty': 'l1', 'solver': 'lbfgs'}"
tobacco_use : ldl_cholesterol : family_history : overall_obesity,logistic,0.7252081406105458,"{'penalty': 'l2', 'solver': 'liblinear'}"
tobacco_use : ldl_cholesterol : family_history : overall_obesity : age,gaussian,0.7231729879740981,{}
tobacco_use : ldl_cholesterol : family_history : overall_obesity : alcohol_use,logistic,0.7165124884366327,"{'penalty': 'l1', 'solver': 'lbfgs'}"
tobacco_use : ldl_cholesterol : family_history : overall_obesity : alcohol_use : age,logistic,0.7251618871415356,"{'penalty': 'l1', 'solver': 'liblinear'}"
tobacco_use : ldl_cholesterol : family_history : type_a,gaussian,0.7273820536540241,{}
tobacco_use : ldl_cholesterol : family_history : type_a : age,svc,0.7294172062904718,"{'C': 1000, 'shrinking': True, 'degree': 1, 'gamma': 0.001, 'probability': True}"
tobacco_use : ldl_cholesterol : family_history : type_a : alcohol_use,svc,0.7229879740980574,"{'C': 1000, 'shrinking': True, 'degree': 1, 'gamma': 0.0001, 'probability': True}"
tobacco_use : ldl_cholesterol : family_history : type_a : alcohol_use : age,logistic,0.7272895467160038,"{'penalty': 'l1', 'solver': 'lbfgs'}"
tobacco_use : ldl_cholesterol : family_history : type_a : overall_obesity,gaussian,0.7274283071230341,{}
tobacco_use : ldl_cholesterol : family_history : type_a : overall_obesity : age,logistic,0.7272895467160037,"{'penalty': 'l2', 'solver': 'liblinear'}"
tobacco_use : ldl_cholesterol : family_history : type_a : overall_obesity : alcohol_use,svc,0.7165124884366327,"{'C': 1, 'shrinking': True, 'degree': 1, 'gamma': 0.0, 'probability': True}"
tobacco_use : ldl_cholesterol : family_history : type_a : overall_obesity : alcohol_use : age,logistic,0.7229417206290473,"{'penalty': 'l1', 'solver': 'liblinear'}"
tobacco_use : ldl_cholesterol : overall_obesity,gaussian,0.6948658649398705,{}
tobacco_use : ldl_cholesterol : overall_obesity : age,logistic,0.7078168362627197,"{'penalty': 'l1', 'solver': 'liblinear'}"
tobacco_use : ldl_cholesterol : overall_obesity : alcohol_use,logistic,0.6905642923219242,"{'penalty': 'l2', 'solver': 'liblinear'}"
tobacco_use : ldl_cholesterol : overall_obesity : alcohol_use : age,logistic,0.7099907493061981,"{'penalty': 'l1', 'solver': 'lbfgs'}"
tobacco_use : ldl_cholesterol : type_a,gaussian,0.6969472710453284,{}
tobacco_use : ldl_cholesterol : type_a : age,svc,0.7120259019426457,"{'C': 1000, 'shrinking': True, 'degree': 1, 'gamma': 0.0001, 'probability': True}"
tobacco_use : ldl_cholesterol : type_a : alcohol_use,logistic,0.692645698427382,"{'penalty': 'l2', 'solver': 'liblinear'}"
tobacco_use : ldl_cholesterol : type_a : alcohol_use : age,logistic,0.7055504162812211,"{'penalty': 'l1', 'solver': 'lbfgs'}"
tobacco_use : ldl_cholesterol : type_a : overall_obesity,gaussian,0.6969935245143386,{}
tobacco_use : ldl_cholesterol : type_a : overall_obesity : age,logistic,0.7077243293246994,"{'penalty': 'l1', 'solver': 'liblinear'}"
tobacco_use : ldl_cholesterol : type_a : overall_obesity : alcohol_use,logistic,0.6904717853839039,"{'penalty': 'l1', 'solver': 'liblinear'}"
tobacco_use : ldl_cholesterol : type_a : overall_obesity : alcohol_use : age,logistic,0.6990749306197965,"{'penalty': 'l1', 'solver': 'liblinear'}"
tobacco_use : overall_obesity,logistic,0.6948196114708602,"{'penalty': 'l1', 'solver': 'liblinear'}"
tobacco_use : overall_obesity : age,logistic,0.6946345975948196,"{'penalty': 'l1', 'solver': 'lbfgs'}"
tobacco_use : overall_obesity : alcohol_use,logistic,0.6904717853839039,"{'penalty': 'l1', 'solver': 'liblinear'}"
tobacco_use : overall_obesity : alcohol_use : age,logistic,0.6924606845513412,"{'penalty': 'l2', 'solver': 'liblinear'}"
tobacco_use : type_a,svc,0.6969472710453284,"{'C': 1, 'shrinking': True, 'degree': 1, 'gamma': 0.0, 'probability': True}"
tobacco_use : type_a : age,logistic,0.7185013876040702,"{'penalty': 'l2', 'solver': 'liblinear'}"
tobacco_use : type_a : alcohol_use,logistic,0.6752081406105457,"{'penalty': 'l1', 'solver': 'liblinear'}"
tobacco_use : type_a : alcohol_use : age,svc,0.7163737280296023,"{'C': 10, 'shrinking': True, 'degree': 1, 'gamma': 0.0, 'probability': True}"
tobacco_use : type_a : overall_obesity,gaussian,0.6882978723404255,{}
tobacco_use : type_a : overall_obesity : age,logistic,0.7163274745605921,"{'penalty': 'l1', 'solver': 'liblinear'}"
tobacco_use : type_a : overall_obesity : alcohol_use,logistic,0.675254394079556,"{'penalty': 'l1', 'solver': 'liblinear'}"
tobacco_use : type_a : overall_obesity : alcohol_use : age,logistic,0.7098057354301572,"{'penalty': 'l1', 'solver': 'lbfgs'}"
type_a,svc,0.6643848288621647,"{'C': 10, 'shrinking': True, 'degree': 1, 'gamma': 0.0, 'probability': True}"
type_a : age,logistic,0.6816373728029601,"{'penalty': 'l1', 'solver': 'liblinear'}"
type_a : alcohol_use,svc,0.6448658649398704,"{'C': 1, 'shrinking': True, 'degree': 1, 'gamma': 0.001, 'probability': True}"
type_a : alcohol_use : age,logistic,0.688159111933395,"{'penalty': 'l2', 'solver': 'liblinear'}"
type_a : overall_obesity,logistic,0.6558741905642923,"{'penalty': 'l1', 'solver': 'lbfgs'}"
type_a : overall_obesity : age,logistic,0.6816373728029601,"{'penalty': 'l1', 'solver': 'lbfgs'}"
type_a : overall_obesity : alcohol_use,svc,0.647132284921369,"{'C': 1, 'shrinking': True, 'degree': 1, 'gamma': 0.001, 'probability': True}"
type_a : overall_obesity : alcohol_use : age,logistic,0.6859389454209065,"{'penalty': 'l1', 'solver': 'liblinear'}"
